隐患描述,隐患级别,企业类型,生成结果
煤磨中转站开关控制柜不防爆,重大隐患,,"{""output"":{""current_level"":""重大隐患"",""actual_level"":""重大隐患"",""level_correct"":true,""criteria"":""除尘器、收尘仓等划分为20区的粉尘爆炸危险场所电气设备不符合防爆要求的"",""standard_file_name"":""工贸"",""reason"":""隐患描述中提到'煤磨中转站开关控制柜不防爆'，煤磨属于粉尘涉爆场所，且煤粉具有爆炸危险性，通常划分为20区。开关控制柜属于电气设备，明确指出'不防爆'，直接满足工贸企业重大事故隐患判定标准中第11条第（七）项关于粉尘爆炸危险场所电气设备不符合防爆要求的判定条件。因此，该隐患完整命中重大事故隐患标准。"",""confidence"":0.92}}"
有限空间告知牌，危险因素不符合要求，及入口处安全标识确实,重大隐患,,"{""output"":{""current_level"":""重大隐患"",""actual_level"":""一般隐患"",""level_correct"":""false"",""criteria"":"""",""standard_file_name"":"""",""reason"":""隐患描述中提到“有限空间告知牌，危险因素不符合要求，及入口处安全标识确实”，但未明确说明存在有毒有害气体、缺氧、易燃易爆物质等具体危险因素，也未提及未进行通风检测、未配备监护人员、未执行作业审批等关键要件。检索结果未返回任何重大事故隐患判定标准内容，无法确认是否完整命中相关标准。根据判定规则第14条，若证据不完整或标准无法与隐患描述形成明确对应，应保守判定为“一般隐患”。因此，系统当前判定为“重大隐患”不正确。"",""confidence"":0.5}}"
生产区域大部分安全标识牌破损、老化，不符合新国标安全标识要求,重大隐患,,"{""output"":{""current_level"":""重大隐患"",""actual_level"":""一般隐患"",""level_correct"":false,""criteria"":"""",""standard_file_name"":"""",""reason"":""隐患描述为‘生产区域大部分安全标识牌破损、老化，不符合新国标安全标识要求’，该描述涉及安全标识的合规性问题。检索到的判定标准均来自《金属非金属矿山重大事故隐患判定标准》，但所列条款分别涉及提升系统防跑车装置、排洪系统构筑物强度及封堵措施，与安全标识牌破损、老化问题无直接关联。未命中任何一条重大事故隐患判定标准，因缺乏关键要件对应，不能认定为重大隐患。因此，实际级别应判定为一般隐患。"",""confidence"":0.85}}"
现场警示标牌变色,重大隐患,,"{""output"":{""current_level"":""重大隐患"",""actual_level"":""一般隐患"",""level_correct"":""false"",""criteria"":"""",""standard_file_name"":"""",""reason"":""隐患描述为'现场警示标牌变色'，未提及任何与提升系统、排洪系统或矿柱破坏相关的内容。检索到的三条重大事故隐患判定标准分别涉及提升设备检测检验或安全保护失效、排洪构筑物不满足设计要求、以及破坏保留矿柱，均未在隐患描述中体现。该描述未明确表达任何重大事故隐患判定标准中的必要要件，如设备未检测、安全保护失效、结构不满足设计等。因此，无法完整命中任一条重大隐患标准，实际级别应为一般隐患。"",""confidence"":0.85}}"
铸造车间第三台熔炼炉基区域存在积水，且未按要求设置水流量差监测报警装置。（重大事故隐患）,重大隐患,,"{""output"":{""current_level"":""重大隐患"",""actual_level"":""一般隐患"",""level_correct"":""false"",""criteria"":"""",""standard_file_name"":"""",""reason"":""检索到的判定标准为'熔融金属铸造环节未设置紧急排放和应急储存设施'，但隐患描述中未提及该设施缺失；隐患描述中指出'存在积水'且'未设置水流量差监测报警装置'，但检索结果未包含与水流量差监测报警装置或积水相关的重大隐患判定标准。由于未命中任何重大事故隐患判定标准的完整要件，因此不能判定为重大隐患。"",""confidence"":0.75}}"
煤磨收尘出口一氧化碳气体检测仪故障未使用，属于属于重大事故隐患,一般隐患,,"{""output"":{""current_level"":""一般隐患"",""actual_level"":""重大隐患"",""level_correct"":false,""criteria"":""本标准所列情形中直接关系生产安全的监控、报警、防护等设施、设备、装置，应当保证正常运行、使用，失效或者无效均判定为重大事故隐患"",""standard_file_name"":""工贸企业重大事故隐患判定标准"",""reason"":""隐患描述中明确指出‘煤磨收尘出口一氧化碳气体检测仪故障未使用’，该设备属于直接关系生产安全的监控设备。根据《工贸企业重大事故隐患判定标准》第十四条，此类设施失效或未正常使用即构成重大事故隐患。隐患描述已明确满足该标准的必要要件，因此判定为重大隐患。"",""confidence"":0.95}}"
粉尘涉爆区域新增电源柜非防爆电气设备，新增振打电源线未规范设置,重大隐患,,"{""output"":{""current_level"":""重大隐患"",""actual_level"":""一般隐患"",""level_correct"":""false"",""criteria"":"""",""standard_file_name"":"""",""reason"":""检索到的重大事故隐患判定标准GM-057明确要求‘除尘器、收尘仓等划分为20区的粉尘爆炸危险场所电气设备不符合防爆要求’才能构成重大隐患。而隐患描述中提到的是‘粉尘涉爆区域新增电源柜非防爆电气设备’和‘新增振打电源线未规范设置’，并未明确指出该电源柜位于‘除尘器、收尘仓’或‘20区’等具体爆炸危险区域。因此，关键要件‘电气设备位于20区粉尘爆炸危险场所’在隐患描述中缺乏明确证据，无法确认满足标准中规定的必要条件。根据判定规则，不得凭经验补全事实，必须保守判定为一般隐患。"",""confidence"":0.75}}"
搅拌机外壳有润滑油未清理,重大隐患,,"{""output"":{""current_level"":""重大隐患"",""actual_level"":""一般隐患"",""level_correct"":""false"",""criteria"":"""",""standard_file_name"":"""",""reason"":""隐患描述为‘搅拌机外壳有润滑油未清理’，未涉及铝镁等金属粉尘、木质粉尘的干式除尘系统，也未提及尾矿库排洪构筑物结构缝隙封堵问题。检索到的两条重大事故隐患判定标准均与隐患描述场景无关，未命中任何重大隐患判定标准。因此实际级别应为一般隐患，系统当前判定为重大隐患不正确。"",""confidence"":0.85}}"
3车间东侧10吨天车，急停按钮有问题,重大隐患,,"{""output"":{""current_level"":""重大隐患"",""actual_level"":""一般隐患"",""level_correct"":""false"",""criteria"":"""",""standard_file_name"":"""",""reason"":""隐患描述为‘3车间东侧10吨天车，急停按钮有问题’，涉及的是天车（起重机械）的急停按钮故障。检索到的判定标准均出自《金属非金属矿山重大事故隐患判定标准》，适用范围为金属非金属地下矿山的提升系统或安全出口，特别是涉及提升人员的罐笼、竖井、井架等场景。而‘天车’不属于矿山井下提升系统，且未提及其用于提升人员，因此不满足任何一条重大事故隐患判定标准的适用条件。尽管‘急停按钮失效’可能对应安全保护装置失效，但该标准（KS-051）明确限定为‘提升人员的提升系统’，而隐患描述未说明该天车用于提升人员，也未提及其属于矿山井下环境，故无法认定满足重大隐患要件。因此，未命中任何重大事故隐患标准。"",""confidence"":0.85}}"
排险点主运矿路坡度超过设计规定。,一般隐患,,"{""output"":{""current_level"":""一般隐患"",""actual_level"":""重大隐患"",""level_correct"":""false"",""criteria"":""运输道路坡度大于设计坡度10%以上"",""standard_file_name"":""金属非金属矿山重大事故隐患判定标准"",""reason"":""隐患描述中明确指出‘排险点主运矿路坡度超过设计规定’，与判定标准KS-085中‘运输道路坡度大于设计坡度10%以上’存在语义上的高度对应。虽然未明确量化‘超过设计规定’的具体百分比，但‘超过设计规定’在矿山安全语境中通常隐含显著偏离设计值，结合标准的严格性，可合理视为满足‘大于设计坡度10%以上’的门槛，构成重大事故隐患。该标准为露天矿山运输系统的关键安全要求，直接关联车辆失控等重大风险。"",""confidence"":0.88}}"
新入场模型未加装平台,重大隐患,,"{""output"":{""current_level"":""重大隐患"",""actual_level"":""一般隐患"",""level_correct"":""false"",""criteria"":"""",""standard_file_name"":"""",""reason"":""隐患描述为‘新入场模型未加装平台’，语义模糊，未明确‘平台’是指安全平台和清扫平台，也未提及‘露天采场’或‘未按设计设置’等关键要件；检索到的判定标准KS-090涉及‘露天采场未按设计设置安全平台和清扫平台’，但隐患描述中未出现‘露天采场’‘设计’‘安全平台’‘清扫平台’等明确匹配项，无法确认满足该标准的必要构成要件。其他检索结果与场景无关。因此，未完整命中任何重大事故隐患判定标准。"",""confidence"":0.65}}"
三级沉淀池电箱腐蚀严重更换,重大隐患,,"{""output"":{""current_level"":""重大隐患"",""actual_level"":""一般隐患"",""level_correct"":""false"",""criteria"":"""",""standard_file_name"":"""",""reason"":""隐患描述为‘三级沉淀池电箱腐蚀严重更换’，涉及电箱腐蚀问题。检索到的判定标准中，第一条（GM-031）针对‘电熔制品电炉的水冷设备失效’，与电箱腐蚀无直接关联；第二条（KSB-007）针对尾矿库排洪构筑物缝隙未充实或封堵位置错误，属于尾矿库结构问题，与电箱设备无关。隐患描述未提及电炉水冷设备失效或尾矿库构筑物问题，无法满足任一重大事故隐患判定标准的关键要件。因此，不能判定为重大隐患。由于系统当前级别为‘重大隐患’，与实际级别不一致，故判定为错误。"",""confidence"":0.82}}"
储气罐压力表过期,重大隐患,,"{""output"":{""current_level"":""重大隐患"",""actual_level"":""一般隐患"",""level_correct"":false,""criteria"":"""",""standard_file_name"":"""",""reason"":""隐患描述为'储气罐压力表过期'，仅表明压力表未按期检测，但未说明储罐完全未设置压力监测装置或不具备超限报警功能。检索到的标准RQ-006要求'未设置压力、罐容或液位显示等监测装置，或不具有超限报警功能'，而'压力表过期'不等同于'未设置'监测装置，仅设备检定过期属于一般性管理缺陷，未明确满足该标准的必要要件。金属非金属矿山相关标准（KS-051、KS-049）与城镇燃气场景无关，不适用。因此，未完整命中任何重大事故隐患判定标准。"",""confidence"":0.82}}"
涉爆粉尘区域卫生清扫工具为铁制（铁锹）工具，需更换为木质工具,重大隐患,,"{""output"":{""current_level"":""重大隐患"",""actual_level"":""一般隐患"",""level_correct"":""false"",""criteria"":"""",""standard_file_name"":"""",""reason"":""隐患描述中提到‘涉爆粉尘区域卫生清扫工具为铁制（铁锹）工具，需更换为木质工具’，该描述涉及涉爆粉尘场所使用非防爆材质工具的问题。但检索到的判定标准中，KSB-001 涉及地表易燃易爆材料存放位置问题，KS-046 涉及矿井机械通风及主通风机备用设备配备问题，均与涉爆粉尘区域清扫工具材质无关。因此，未命中任何重大事故隐患判定标准。判定为‘一般隐患’是基于当前描述未满足重大隐患标准的完整要件，且无其他支持性标准。系统当前判定为‘重大隐患’不正确。"",""confidence"":0.85}}"
部分急救药品已过有效期限,重大隐患,,"{""output"":{""current_level"":""重大隐患"",""actual_level"":""一般隐患"",""level_correct"":false,""criteria"":"""",""standard_file_name"":"""",""reason"":""隐患描述为‘部分急救药品已过有效期限’，属于职业健康或应急物资管理问题。检索到的判定标准涉及提升系统检测检验、通风系统反风能力、安全出口数量等，均与矿山井下工程安全设施相关，未包含关于急救药品有效期的判定条款。因此，未命中任何重大事故隐患判定标准。由于无明确标准支持，不能认定为重大隐患，实际级别应为一般隐患。"",""confidence"":0.85}}"
均化仓、雨水收集池有限空间作业告知牌损坏,重大隐患,,"{""output"":{""current_level"":""重大隐患"",""actual_level"":""一般隐患"",""level_correct"":""false"",""criteria"":"""",""standard_file_name"":"""",""reason"":""隐患描述为‘均化仓、雨水收集池有限空间作业告知牌损坏’，属于安全管理标识类问题。检索到的三条重大事故隐患判定标准分别涉及防洪排洪设施、安全出口畅通性、以及提升设备检测与安全保护，均与有限空间作业告知牌损坏无直接关联。该隐患未满足任何一条重大事故隐患标准的必要要件，特别是未涉及标准中明确列出的重大风险场景（如防洪设施缺失、安全出口堵塞、提升系统失效等）。因此，不能判定为重大隐患。由于系统当前级别为‘重大隐患’，与实际级别不一致，故判定为错误。"",""confidence"":0.82}}"
特种设备（叉车）操作资格证（4人）4月底到复审期限，需提前组织复审,重大隐患,,"{""output"":{""current_level"":""重大隐患"",""actual_level"":""一般隐患"",""level_correct"":""false"",""criteria"":"""",""standard_file_name"":"""",""reason"":""隐患描述中提到特种设备（叉车）操作资格证的复审期限为4月底，需提前组织复审。但未明确说明操作人员是否已无证上岗或已过期未复审。重大事故隐患判定标准通常要求作业人员未取得相应资格证书上岗作业或证书已过期仍从事相关作业。由于隐患描述仅提示即将到期并需提前组织复审，未表明已存在无证操作行为，关键要件‘无证或证书过期仍上岗’未被明确满足，因此不能判定为重大隐患。"",""confidence"":0.75}}"
油漆房内，使用临时电源非防爆插座，属于重大事故隐患；现场检测报警探头，被油漆粉尘包裹，检测探头数量不足。,重大隐患,,"{""output"":{""current_level"":""重大隐患"",""actual_level"":""重大隐患"",""level_correct"":true,""criteria"":""存在可燃或有毒气体泄漏风险的场所未按照设计要求设置气体探测器或气体探测器功能失效；GDS未投入使用。"",""standard_file_name"":""HG-023"",""reason"":""隐患描述中明确指出‘现场检测报警探头，被油漆粉尘包裹，检测探头数量不足’，表明气体探测器功能失效且数量未满足设计要求。油漆房属于存在可燃气体泄漏风险的场所，因此满足HG-023判定标准中的关键要件：‘存在可燃或有毒气体泄漏风险的场所……气体探测器功能失效’。该标准被完整命中。"",""confidence"":0.95}}"
调漆间存放油漆过多，现场有铁锤、调漆使用铁质工具，未见检测报警探头，属于重大事故隐患。,重大隐患,,"{""output"":{""current_level"":""重大隐患"",""actual_level"":""重大隐患"",""level_correct"":true,""criteria"":""未按照GB 15603等标准规范要求分区分类储存危险化学品；超量、超品种储存危险化学品；相互禁配物质混放混存。"",""standard_file_name"":""AQ 3067-2026 化工和危险化学品生产经营企业重大生产安全事故隐患判定标准"",""reason"":""隐患描述中明确指出‘调漆间存放油漆过多’，对应判定标准HG-038中的‘超量、超品种储存危险化学品’，属于重大事故隐患判定标准中明确列出的情形。该标准无需其他条件组合，满足即构成重大隐患。因此实际级别为重大隐患，与系统当前级别一致。"",""confidence"":0.95}}"
电气箱表面积煤,重大隐患,,"{""output"":{""current_level"":""重大隐患"",""actual_level"":""重大隐患"",""level_correct"":""true"",""criteria"":""未落实粉尘清理制度，造成作业现场积尘严重的"",""standard_file_name"":""工贸企业重大事故隐患判定标准"",""reason"":""隐患描述中明确指出'电气箱表面积煤'，属于作业现场积尘严重的情况，且未提及有落实粉尘清理制度，符合判定标准第十一条第（十）项中'未落实粉尘清理制度，造成作业现场积尘严重的'这一重大事故隐患判定标准。积煤属于可燃粉尘，电气设备表面积尘存在粉尘爆炸风险，满足粉尘涉爆场所的重大隐患判定要件。"",""confidence"":0.92}}"
煤粉转子秤区域煤尘聚集严重，需及时清理，避免形成重大事故隐患。,重大隐患,,"{""output"":{""current_level"":""重大隐患"",""actual_level"":""一般隐患"",""level_correct"":false,""criteria"":"""",""standard_file_name"":"""",""reason"":""隐患描述中提到‘煤粉转子秤区域煤尘聚集严重’，虽提示需及时清理以避免形成重大事故隐患，但未明确说明已存在燃烧、爆炸或其他严重后果的直接风险。检索到的三条重大事故隐患判定标准（HG-044、HG-037、HG-045）均涉及动火作业、受限空间作业、安全联锁摘除或气体分析等特定作业场景，与当前煤尘聚集的静态环境问题不直接匹配。隐患描述未提及任何动火或受限空间作业行为，也未说明正在进行相关作业或存在气体浓度超标等关键要件。因此，无法完整命中任何一条重大事故隐患判定标准。由于缺乏对关键门槛（如作业活动、气体监测、联锁状态等）的明确表达，不能认定为重大隐患。综上，实际级别应为一般隐患。"",""confidence"":0.82}}"
2026年2月27日9：05，山东同得利集团有限公司2名作业人员在未持有有效特种作业证书的情况下从事搭钢管架作业。,重大隐患,,"{""output"":{""current_level"":""重大隐患"",""actual_level"":""重大隐患"",""level_correct"":true,""criteria"":""特种作业人员未持证上岗。"",""standard_file_name"":""AQ 3067-2026 化工和危险化学品生产经营企业重大生产安全事故隐患判定标准"",""reason"":""隐患描述中明确指出2名作业人员在未持有有效特种作业证书的情况下从事搭钢管架作业，属于特种作业人员未持证上岗，直接命中检索标准HG-004中的判定条款。该条款明确将‘特种作业人员未持证上岗’列为重大事故隐患。"",""confidence"":0.95}}"
碳化二车间废气处理区域冷却塔、废水收集池未辨识出受限空间，未张贴受限空间安全风险告知牌，废水收集池（属于受限空间）未进行上锁管理（重大隐患）,重大隐患,,"{""output"":{""current_level"":""重大隐患"",""actual_level"":""一般隐患"",""level_correct"":""false"",""criteria"":"""",""standard_file_name"":"""",""reason"":""检索到的判定标准中，HG-044涉及受限空间作业前未采取隔离措施或未确认处置结果，但隐患描述中未提及进行受限空间作业，仅描述未辨识受限空间、未挂牌、未上锁管理，未涉及作业行为；GM-014为有色熔融金属相关，与废气处理区域冷却塔、废水收集池无关。因此，未命中任何重大事故隐患判定标准。关键缺失项：未明确存在受限空间作业活动，无法满足HG-044的适用条件。"",""confidence"":0.75}}"
外委单位无证操作配电箱,重大隐患,,"{""output"":{""current_level"":""重大隐患"",""actual_level"":""一般隐患"",""level_correct"":false,""criteria"":"""",""standard_file_name"":"""",""reason"":""隐患描述为‘外委单位无证操作配电箱’，未提及任何与粉尘爆炸危险场所电气设备防爆要求不符，或与煤气设施未安装隔断装置相关的内容。检索到的两条重大事故隐患判定标准（GM-057、GM-010）均涉及特定设施的安全措施缺失，但隐患描述中未明确指出涉及此类设施或对应危险场景。因此，无法完整命中任何一条重大事故隐患判定标准。关键要件如‘20区粉尘爆炸危险场所’、‘电气设备不符合防爆要求’、‘煤气管道未安装隔断装置’等均未在描述中体现。故保守判定为一般隐患。"",""confidence"":0.75}}"
煤磨二氧化碳灭火系统温度异常,重大隐患,,"{""output"":{""current_level"":""重大隐患"",""actual_level"":""一般隐患"",""level_correct"":""false"",""criteria"":"""",""standard_file_name"":"""",""reason"":""隐患描述为‘煤磨二氧化碳灭火系统温度异常’，未明确提及熔融金属冶炼炉窑、闭路或开路水冷元件、出水温度、进出水流量差、进水流量、压力监测报警装置等关键要件，且未涉及尾矿堆积坝上升速率相关内容。检索到的判定标准与隐患描述不匹配，无法完整命中任何一条重大事故隐患判定标准。因此，实际级别应判定为一般隐患。"",""confidence"":0.65}}"
1、皮带机导料槽部门集煤；2、皮带秤煤粉输完；3、地坑煤粉未及时清理,重大隐患,,"{""output"":{""current_level"":""重大隐患"",""actual_level"":""一般隐患"",""level_correct"":""false"",""criteria"":"""",""standard_file_name"":"""",""reason"":""检索到的判定标准涉及铝镁等金属粉尘、木质粉尘的干式除尘系统未设置锁气卸灰装置，而隐患描述中提到的是皮带机导料槽集煤、皮带秤煤粉输完以及地坑煤粉未及时清理，均属于煤炭粉尘且未提及干式除尘系统或锁气卸灰装置缺失。隐患描述未明确涉及金属粉尘或木质粉尘，也未说明存在干式除尘系统，因此无法满足该重大事故隐患判定标准的关键要件。由于未命中任何重大事故隐患判定标准，实际级别应为一般隐患。"",""confidence"":0.8}}"
二线煤磨新加收尘器控制箱非防爆箱。,重大隐患,,"{""output"":{""current_level"":""重大隐患"",""actual_level"":""一般隐患"",""level_correct"":""false"",""criteria"":"""",""standard_file_name"":"""",""reason"":""隐患描述为‘二线煤磨新加收尘器控制箱非防爆箱’，涉及的是控制箱未使用防爆型设备的问题。检索到的两条重大事故隐患判定标准分别为：（1）煤磨袋式收尘器、煤粉仓未设置温度和固定式一氧化碳浓度监测报警装置，或者未设置气体灭火装置；（2）铝镁等金属粉尘、木质粉尘的干式除尘系统未设置锁气卸灰装置。上述标准均未涵盖‘控制箱非防爆’这一情形。尽管煤粉环境属于爆炸性环境，通常应使用防爆电气设备，但判定标准中未明确列出‘控制箱或电气设备未采用防爆设计’为重大隐患要件，且隐患描述未说明该控制箱直接处于爆炸危险环境的设备本体上或属于涉爆粉尘区域的组成部分。因此，无法完整命中任何一条重大事故隐患判定标准。由于不能凭经验或常识补全标准未列明的情形，必须保守判定为‘一般隐患’。"",""confidence"":0.75}}"
原煤仓收尘分格轮拆除为回复,重大隐患,,"{""output"":{""current_level"":""重大隐患"",""actual_level"":""一般隐患"",""level_correct"":""false"",""criteria"":"""",""standard_file_name"":"""",""reason"":""检索到的判定标准要求‘铝镁等金属粉尘、木质粉尘的干式除尘系统未设置锁气卸灰装置’，而隐患描述中仅提到‘原煤仓收尘分格轮拆除’，并未说明涉及铝镁金属粉尘或木质粉尘，也未提及干式除尘系统或锁气卸灰装置缺失；‘分格轮拆除’不等价于‘未设置锁气卸灰装置’，且煤粉尘不属于标准中明确列出的粉尘类型。因此，关键要件未满足，不能认定命中该重大事故隐患判定标准。"",""confidence"":0.75}}"
煤粉仓顶盖缺少有限空间标识,重大隐患,,"{""output"":{""current_level"":""重大隐患"",""actual_level"":""一般隐患"",""level_correct"":""false"",""criteria"":"""",""standard_file_name"":"""",""reason"":""隐患描述为'煤粉仓顶盖缺少有限空间标识'，属于有限空间安全标识缺失问题。检索到的判定标准中，RQ-008涉及CNG/LNG/LPG装卸系统联锁保护装置缺失，RQ-010涉及可燃气体泄漏可能达到爆炸下限20%区域未设置固定式气体浓度报警装置，KS-050涉及矿山作业人员未携带或不会使用气体检测报警仪和自救er。以上标准均未涵盖'有限空间未设置警示标识'这一具体情形。判定重大隐患必须基于明确命中的标准条款，而现有标准未对有限空间标识缺失设定重大隐患判定条件。因此，不能认定为重大隐患。实际级别应为一般隐患。"",""confidence"":0.85}}"
施工现场未封闭隔离,重大隐患,,"{""output"":{""current_level"":""重大隐患"",""actual_level"":""一般隐患"",""level_correct"":""false"",""criteria"":"""",""standard_file_name"":"""",""reason"":""隐患描述为‘施工现场未封闭隔离’，未提及排土场总堆置高度2倍范围内存在人员密集场所，也未说明未按设计采取安全措施；同时未涉及尾矿库排洪构筑物拱板与周边结构缝隙未充实或封堵体位置错误等问题。检索到的判定标准均与隐患描述不匹配，关键要件无一满足。因此未命中任何重大事故隐患判定标准。"",""confidence"":0.45}}"
1704粉尘涉爆区域，下料口及皮带机漏煤地面积煤严重,重大隐患,,"{""output"":{""current_level"":""重大隐患"",""actual_level"":""重大隐患"",""level_correct"":""true"",""criteria"":""未落实粉尘清理制度，造成作业现场积尘严重的"",""standard_file_name"":""工贸企业重大事故隐患判定标准"",""reason"":""隐患描述中明确指出‘1704粉尘涉爆区域，下料口及皮带机漏煤地面积煤严重’，其中‘积煤严重’属于‘作业现场积尘严重的’情形，且该区域为粉尘涉爆区域，符合《工贸企业重大事故隐患判定标准》第十一条（十）中‘未落实粉尘清理制度，造成作业现场积尘严重的’判定标准。因此，实际级别为重大隐患，系统当前判定正确。"",""confidence"":0.95}}"
污水井盖有限空间警示标识不清晰,重大隐患,,"{""output"":{""current_level"":""重大隐患"",""actual_level"":""一般隐患"",""level_correct"":""false"",""criteria"":"""",""standard_file_name"":"""",""reason"":""隐患描述为'污水井盖有限空间警示标识不清晰'，属于标识清晰度问题。检索到的判定标准中，KS-005涉及安全出口不畅通，KS-086涉及防洪排洪设施未按设计建设，RQ-008涉及燃气装卸系统缺少联锁保护装置，均与警示标识清晰度无关。未命中任何重大事故隐患判定标准，因无标准支持该隐患为重大隐患，故实际级别为一般隐患。"",""confidence"":0.85}}"
外协新越煌高处作业票（ZYP-20260113-000601）人无高处作业证,重大隐患,,"{""output"":{""current_level"":""重大隐患"",""actual_level"":""重大隐患"",""level_correct"":true,""criteria"":""特种作业人员未持证上岗；特种作业人员未按照规定经专门的安全作业培训并取得相应资格，上岗作业的"",""standard_file_name"":""HG-004；GM-002"",""reason"":""隐患描述中明确指出‘外协新越煌高处作业票（ZYP-20260113-000601）人无高处作业证’，表明从事高处作业的人员未持有高处作业证。高处作业属于特种作业范畴，因此该行为直接满足‘特种作业人员未持证上岗’这一重大隐患判定标准。该要件在两条检索标准中均有体现：HG-004中‘特种作业人员未持证上岗’和GM-002中‘未取得相应资格，上岗作业’。描述中已明确否定持证状态，构成充分证据。"",""confidence"":0.95}}"
电动车棚消防器材被遮挡,重大隐患,,"{""output"":{""current_level"":""重大隐患"",""actual_level"":""一般隐患"",""level_correct"":""false"",""criteria"":"""",""standard_file_name"":"""",""reason"":""检索到的判定标准分别涉及燃气管线占压和矿山安全出口堵塞，与当前隐患描述'电动车棚消防器材被遮挡'无直接关联。隐患描述中未体现任何重大事故隐患判定标准中的必要要件，如占压管线、安全出口堵塞等。因此，未命中任何重大隐患标准，实际级别应为一般隐患。"",""confidence"":0.85}}"
h车间使用20年的大门门铰锈穿,重大隐患,,"{""output"":{""current_level"":""重大隐患"",""actual_level"":""一般隐患"",""level_correct"":""false"",""criteria"":"""",""standard_file_name"":"""",""reason"":""隐患描述为‘h车间使用20年的大门门铰锈穿’，涉及车间大门的机械部件老化问题。检索到的判定标准均来自《金属非金属矿山重大事故隐患判定标准》及其补充情形，主要针对地下矿山安全出口不畅、尾矿库排洪构筑物封堵缺陷、矿井巷道擅自贯通等专业场景，与车间大门铰链锈穿无直接或间接关联。该隐患未满足任何一条重大事故隐患判定标准的必要要件，尤其是未涉及安全出口堵塞、梯子踏步失效、排洪结构缺陷或井巷贯通等关键情形。因此，不能判定为重大隐患。由于系统当前级别为‘重大隐患’，与实际级别不一致，故判定为错误。"",""confidence"":0.85}}"
"烧成一期煤磨系统主收尘温度各灰斗温度未单独显示，现场取最高温度；
",重大隐患,,"{""output"":{""current_level"":""重大隐患"",""actual_level"":""一般隐患"",""level_correct"":false,""criteria"":"""",""standard_file_name"":"""",""reason"":""检索到的判定标准HG-029和HG-037均涉及硝酸铵溶液储罐或重点监管危险化工工艺的安全联锁、控制功能等，与隐患描述中的'烧成一期煤磨系统主收尘温度各灰斗温度未单独显示，现场取最高温度'无直接关联。该隐患描述未提及涉及热分解失控风险的生产装置、储存设施，也未说明存在安全联锁未投入使用或功能失效等情况。同时，未体现涉及重点监管危险化工工艺或构成重大危险源的生产装置。因此，未命中任何重大事故隐患判定标准。关键缺失项包括：未涉及危险化工工艺、未提及联锁功能失效、无热分解失控风险明确表述。综上，实际级别应为一般隐患。"",""confidence"":0.75}}"
烧成一期煤磨收尘器下料器电机普通电机,重大隐患,,"{""output"":{""current_level"":""重大隐患"",""actual_level"":""重大隐患"",""level_correct"":""true"",""criteria"":""除尘器、收尘仓等划分为20区的粉尘爆炸危险场所电气设备不符合防爆要求的"",""standard_file_name"":""工贸企业重大事故隐患判定标准"",""reason"":""隐患描述中明确指出‘烧成一期煤磨收尘器下料器电机普通电机’，表明该电机为普通型电机，用于煤磨收尘器，属于粉尘爆炸危险场所（20区）的电气设备。根据工贸企业重大事故隐患判定标准第十一条第七项，此类场所电气设备必须符合防爆要求，使用普通电机即视为不符合防爆要求，构成重大事故隐患。因此，该隐患完整命中判定标准。"",""confidence"":0.95}}"
对污水池进行清理作业时虽已通风和检测，但现场未设置监护人员。,重大隐患,,"{""output"":{""current_level"":""重大隐患"",""actual_level"":""重大隐患"",""level_correct"":true,""criteria"":""实施特殊作业时，企业未对作业实施管理和检查；涉及易燃易爆或有毒有害介质的设备、管道动火作业前或受限空间作业前，未采取隔离措施或未确认设备、工艺处置结果满足安全作业要求；动火作业或受限空间作业未按照要求进行气体分析：受限空间作业未连续监测可燃气体、有毒气体及氧气浓度；特级动火作业未实现全过程视频监控。"",""standard_file_name"":""AQ 3067-2026 化工和危险化学品生产经营企业重大生产安全事故隐患判定标准"",""reason"":""隐患描述中提到对污水池进行清理作业，属于受限空间作业。虽已通风和检测，但现场未设置监护人员，属于作业实施管理和检查缺失，符合HG-046中‘实施特殊作业时，企业未对作业实施管理和检查’的判定标准。同时，受限空间作业需确认工艺处置结果满足安全作业要求，未明确说明已隔离或确认，符合HG-044中未确认设备、工艺处置结果的要求。此外，未提及连续气体监测，符合HG-045中未连续监测可燃气体、有毒气体及氧气浓度的要件。因此，至少三条重大隐患判定标准被完整命中。"",""confidence"":0.92}}"
快速冻结装置设置在单独作业间内，作业人员6人，但现场安全警示标识褪色。,一般隐患,,"{""output"":{""current_level"":""一般隐患"",""actual_level"":""一般隐患"",""level_correct"":""true"",""criteria"":"""",""standard_file_name"":"""",""reason"":""隐患描述中提到快速冻结装置设置在单独作业间内，作业人员6人，现场安全警示标识褪色。检索到的判定标准涉及动火作业、受限空间作业、气体分析、安全交底等特殊作业管理要求，但隐患描述中未提及任何特殊作业行为（如动火、受限空间作业等），也未涉及入厂安全教育、隔离措施、气体监测或视频监控等内容。安全警示标识褪色虽与安全管理相关，但未达到检索标准中规定的重大隐患构成要件。因此，未完整命中任何一条重大事故隐患判定标准，实际级别为一般隐患。"",""confidence"":0.85}}"
快速冻结装置虽设置在单独作业间内，但作业间内同时作业人员达到12人。,重大隐患,,"{""output"":{""current_level"":""重大隐患"",""actual_level"":""重大隐患"",""level_correct"":""true"",""criteria"":""快速冻结装置未设置在单独的作业间内，或者快速冻结装置作业间内作业人员数量超过9人的"",""standard_file_name"":""工贸企业重大事故隐患判定标准"",""reason"":""隐患描述中明确指出快速冻结装置设置在单独作业间内，满足第一个条件；但作业间内同时作业人员达到12人，超过了判定标准中规定的9人上限。根据工贸企业重大事故隐患判定标准第十二条(二)，作业间内作业人员数量超过9人即构成重大隐患。该要件在隐患描述中有明确证据支持，因此命中该标准。"",""confidence"":0.95}}"